{"cameraMode":{"drawMode":0,"name":"Shaded","section":"Shading Mode"},"sceneLighting":false,"audioPlay":false,"sceneViewState":{"showFog":true,"showMaterialUpdate":true,"showSkybox":false,"showFlares":true,"showImageEffects":true,"showParticleSystems":true},"in2DMode":false,"pivot":{"x":31.200000762939454,"y":3.4100000858306886,"z":360.6000061035156},"rotation":{"x":0.01938788592815399,"y":-0.9494379758834839,"z":0.30964264273643496,"w":0.05625421553850174},"size":22.0,"orthographic":false}