{"cameraMode":{"drawMode":0,"name":"Shaded","section":"Shading Mode"},"sceneLighting":false,"audioPlay":false,"sceneViewState":{"showFog":true,"showMaterialUpdate":true,"showSkybox":false,"showFlares":true,"showImageEffects":true,"showParticleSystems":true},"in2DMode":false,"pivot":{"x":16.27305030822754,"y":7.752376556396484,"z":88.26512908935547},"rotation":{"x":-0.09454823285341263,"y":-0.817351758480072,"z":0.1383463740348816,"w":-0.5517396926879883},"size":26.80933380126953,"orthographic":false}