{"cameraMode":{"drawMode":0,"name":"Shaded","section":"Shading Mode"},"sceneLighting":false,"audioPlay":false,"sceneViewState":{"showFog":true,"showMaterialUpdate":true,"showSkybox":false,"showFlares":true,"showImageEffects":true,"showParticleSystems":true},"in2DMode":false,"pivot":{"x":5.080467700958252,"y":282.9455871582031,"z":-6.018437385559082},"rotation":{"x":-0.6839966177940369,"y":0.012492797337472439,"z":-0.011669367551803589,"w":-0.7293667793273926},"size":29.938961029052736,"orthographic":false}