{"cameraMode":{"drawMode":0,"name":"Shaded","section":"Shading Mode"},"sceneLighting":false,"audioPlay":false,"sceneViewState":{"showFog":true,"showMaterialUpdate":true,"showSkybox":false,"showFlares":true,"showImageEffects":true,"showParticleSystems":true},"in2DMode":false,"pivot":{"x":6.864704132080078,"y":-43.99997329711914,"z":-89.58717346191406},"rotation":{"x":0.006107838824391365,"y":0.9667220115661621,"z":-0.25541800260543826,"w":0.022858642041683198},"size":139.91229248046876,"orthographic":false}