{"cameraMode":{"drawMode":0,"name":"Shaded","section":"Shading Mode"},"sceneLighting":false,"audioPlay":false,"sceneViewState":{"showFog":true,"showMaterialUpdate":true,"showSkybox":false,"showFlares":true,"showImageEffects":true,"showParticleSystems":true},"in2DMode":false,"pivot":{"x":-7.13787841796875,"y":3.0335638523101808,"z":-10.137428283691407},"rotation":{"x":-0.1480419635772705,"y":-0.3021697700023651,"z":0.048349324613809589,"w":-0.9408434629440308},"size":9.664145469665528,"orthographic":false}