{"cameraMode":{"drawMode":0,"name":"Shaded","section":"Shading Mode"},"sceneLighting":false,"audioPlay":false,"sceneViewState":{"showFog":true,"showMaterialUpdate":true,"showSkybox":false,"showFlares":true,"showImageEffects":true,"showParticleSystems":true},"in2DMode":false,"pivot":{"x":27.772594451904298,"y":42.18703079223633,"z":29.962955474853517},"rotation":{"x":0.10914695262908936,"y":-0.8883402943611145,"z":0.3559195101261139,"w":0.2701960504055023},"size":5.96550989151001,"orthographic":false}